Name,Full name,Description,Location,Coordinates,URL,Version,DNSSEC validation,No logs,Namecoin,Resolver address,Provider name,Provider public key,Provider public key TXT record
acsacsar-ams-ipv4,acsacsar-ams-ipv4,"Public non-censoring, non-logging, DNSSEC-capable, DNSCrypt-enabled DNS resolver hosted on Scaleway by @acsacsar (twitter)",None,,https://dns.d0wn.biz,1,,yes,no,51.158.166.97,none,none,none
acsacsar-ams-ipv6,acsacsar-ams-ipv6,"Public non-censoring, non-logging, DNSSEC-capable, DNSCrypt-enabled DNS resolver hosted on Scaleway by @acsacsar (twitter)",None,,https://dns.d0wn.biz,1,,yes,no,[2001:bc8:1824:738::1],none,none,none
adguard-dns,adguard-dns,Remove ads and protect your computer from malware,None,,https://dns.d0wn.biz,1,,yes,no,94.140.14.14:5443,none,none,none
adguard-dns-family,adguard-dns-family,Adguard DNS with safesearch and adult content blocking,None,,https://dns.d0wn.biz,1,,yes,no,94.140.14.15:5443,none,none,none
adguard-dns-family-ipv6,adguard-dns-family-ipv6,Adguard DNS with safesearch and adult content blocking,None,,https://dns.d0wn.biz,1,,yes,no,[2a10:50c0::bad1:ff]:5443,none,none,none
adguard-dns-family-ns1,Adguard DNS Family Protection 1,Adguard DNS with safesearch and adult content blocking,Anycast,,https://adguard.com/en/adguard-dns/overview.html,1,no,yes,no,176.103.130.132:5443,2.dnscrypt.family.ns1.adguard.com,B831:5DD7:B14B:6EE3:20A4:70DC:2ED6:B1AA:398C:C9E5:86F8:5D45:45D6:B8C9:B500:5ABA,pk.family.ns1.adguard.com
adguard-dns-family-ns2,Adguard DNS Family Protection 2,Adguard DNS with safesearch and adult content blocking,Anycast,,https://adguard.com/en/adguard-dns/overview.html,1,no,yes,no,176.103.130.134:5443,2.dnscrypt.family.ns2.adguard.com,8C21:17A9:EBC1:57D6:FB64:056F:0ADB:C11C:5D83:6734:73C4:6E25:8D9B:2F57:D4EE:351F,pk.family.ns2.adguard.com
adguard-dns-ipv6,adguard-dns-ipv6,Remove ads and protect your computer from malware,None,,https://dns.d0wn.biz,1,,yes,no,[2a10:50c0::ad1:ff]:5443,none,none,none
adguard-dns-ns1,Adguard DNS 1,Remove ads and protect your computer from malware,Anycast,,https://adguard.com/en/adguard-dns/overview.html,1,no,yes,no,176.103.130.130:5443,2.dnscrypt.default.ns1.adguard.com,D12B:47F2:52DC:F2C2:BBF8:9910:86EA:F79C:E449:5D8B:16C8:A0C4:322E:52CA:3F39:0873,pk.default.ns1.adguard.com
adguard-dns-ns2,Adguard DNS 2,Remove ads and protect your computer from malware,Anycast,,https://adguard.com/en/adguard-dns/overview.html,1,no,yes,no,176.103.130.131:5443,2.dnscrypt.default.ns2.adguard.com,81D0:02D3:6A4C:A50C:473B:7479:650F:E12E:02B3:21CB:6138:562A:208E:403D:FDC5:5E94,pk.default.ns2.adguard.com
adguard-dns-unfiltered,adguard-dns-unfiltered,AdGuard public DNS servers without filters,None,,https://dns.d0wn.biz,1,,yes,no,94.140.14.140:5443,none,none,none
adguard-dns-unfiltered-ipv6,adguard-dns-unfiltered-ipv6,AdGuard public DNS servers without filters,None,,https://dns.d0wn.biz,1,,yes,no,[2a10:50c0::1:ff]:5443,none,none,none
altername,altername,"Protocol: DNSCrypt | Features: Non-logging, Non-filtering, DNSSEC, EmerDNS | Location: Moscow, Russia",None,,https://dns.d0wn.biz,1,,yes,no,185.204.2.8:8443,none,none,none
altername-ipv6,altername-ipv6,"Protocol: DNSCrypt IPv6 | Features: Non-logging, Non-filtering, DNSSEC, EmerDNS | Location: Moscow, Russia",None,,https://dns.d0wn.biz,1,,yes,no,[2a04:5200:fff4::13ff]:8443,none,none,none
ams-dnscrypt-nl,ams-dnscrypt-nl,"Resolver in Amsterdam. Dnscrypt protocol. Non-logging, non-filtering, DNSSEC.",None,,https://dns.d0wn.biz,1,,yes,no,51.15.124.208,none,none,none
ams-dnscrypt-nl-ipv6,ams-dnscrypt-nl-ipv6,"Resolver in Amsterdam. Dnscrypt protocol. Non-logging, non-filtering, DNSSEC.",None,,https://dns.d0wn.biz,1,,yes,no,[2001:bc8:1830:2018::1],none,none,none
bcn-dnscrypt,bcn-dnscrypt,"Resolver in Barcelona, Spain. DNSCrypt protocol. Non-logging, non-filtering, DNSSEC.",None,,https://dns.d0wn.biz,1,,yes,no,185.253.154.66,none,none,none
bikinhappy-sg,BikinHappy Singapore,provided by bikinhappy.com,Singapore,,http://dns.bikinhappy.com,1,yes,yes,no,172.104.46.253:443,2.dnscrypt-cert.dns.bikinhappy.com,7167:91A0:745E:17ED:1E73:D426:C697:E8DF:EE4B:476B:149F:8449:62DD:4615:BD71:5C70,
bn-fr0,Babylon Network France 0,"Non-logging, uncensored DNS resolver provided by Babylon Network","Roubaix, France",,https://babylon.network,1,no,yes,no,5.135.66.222:5353,2.dnscrypt-cert.babylon.network,8794:070A:143D:35CA:1CA6:32E7:B189:3028:4EAE:5DAF:EBB4:01E3:DF52:E9F0:37AB:D182,pk.fr0.dnscrypt.babylon.network
bn-fr0-ipv6,Babylon Network France 0 (IPv6),"Non-logging, uncensored IPv6 DNS resolver provided by Babylon Network","Roubaix, France",,https://babylon.network,1,no,yes,no,[2001:41d0:8:4480::222]:5353,2.dnscrypt-cert.babylon.network,8794:070A:143D:35CA:1CA6:32E7:B189:3028:4EAE:5DAF:EBB4:01E3:DF52:E9F0:37AB:D182,pk.fr0.dnscrypt.babylon.network
bn-fr1,Babylon Network France 1,"Non-logging, uncensored DNS resolver provided by Babylon Network","Roubaix, France",,https://babylon.network,1,no,yes,no,164.132.130.171:5353,2.dnscrypt-cert.babylon.network,8794:070A:143D:35CA:1CA6:32E7:B189:3028:4EAE:5DAF:EBB4:01E3:DF52:E9F0:37AB:D182,pk.fr1.dnscrypt.babylon.network
bn-fr1-ipv6,Babylon Network France 1 (IPv6),"Non-logging, uncensored IPv6 DNS resolver provided by Babylon Network","Roubaix, France",,https://babylon.network,1,no,yes,no,[2001:41d0:1:82b5::171]:5353,2.dnscrypt-cert.babylon.network,8794:070A:143D:35CA:1CA6:32E7:B189:3028:4EAE:5DAF:EBB4:01E3:DF52:E9F0:37AB:D182,pk.fr1.dnscrypt.babylon.network
bn-nl0,Babylon Network Netherlands 0,"Non-logging, uncensored DNS resolver provided by Babylon Network","Amsterdam, The Netherlands",,https://babylon.network,1,no,yes,no,87.253.152.190:5353,2.dnscrypt-cert.babylon.network,8794:070A:143D:35CA:1CA6:32E7:B189:3028:4EAE:5DAF:EBB4:01E3:DF52:E9F0:37AB:D182,pk.nl0.dnscrypt.babylon.network
bn-nl0-ipv6,Babylon Network Netherlands 0 (IPv6),"Non-logging, uncensored IPv6 DNS resolver provided by Babylon Network","Amsterdam, The Netherlands",,https://babylon.network,1,no,yes,no,[2a01:7c8:c020:3::190]:5353,2.dnscrypt-cert.babylon.network,8794:070A:143D:35CA:1CA6:32E7:B189:3028:4EAE:5DAF:EBB4:01E3:DF52:E9F0:37AB:D182,pk.nl0.dnscrypt.babylon.network
cisco,Cisco OpenDNS,Remove your DNS blind spot,Anycast,,https://www.opendns.com,1,no,no,no,208.67.220.220,2.dnscrypt-cert.opendns.com,B735:1140:206F:225D:3E2B:D822:D7FD:691E:A1C3:3CC8:D666:8D0C:BE04:BFAB:CA43:FB79,
cisco-familyshield,Cisco OpenDNS with FamilyShield,Block websites not suitable for children,Anycast,,https://www.opendns.com/home-internet-security/parental-controls/,1,no,no,no,208.67.220.123,2.dnscrypt-cert.opendns.com,B735:1140:206F:225D:3E2B:D822:D7FD:691E:A1C3:3CC8:D666:8D0C:BE04:BFAB:CA43:FB79,
cisco-familyshield-ipv6,cisco-familyshield-ipv6,Block websites not suitable for children (IPv6),None,,https://dns.d0wn.biz,1,,yes,no,[2620:119:35::35],none,none,none
cleanbrowsing-adult,cleanbrowsing-adult,"Blocks access to all adult, pornographic and explicit sites. It does",None,,https://dns.d0wn.biz,1,,yes,no,185.228.168.10:8443,none,none,none
cleanbrowsing-adult-ipv6,cleanbrowsing-adult-ipv6,"Blocks access to all adult, pornographic and explicit sites. It does",None,,https://dns.d0wn.biz,1,,yes,no,[2a0d:2a00:1::1]:8443,none,none,none
cleanbrowsing-family,cleanbrowsing-family,"Blocks access to all adult, pornographic and explicit sites. It also",None,,https://dns.d0wn.biz,1,,yes,no,185.228.168.168:8443,none,none,none
cleanbrowsing-family-ipv6,cleanbrowsing-family-ipv6,"Blocks access to all adult, pornographic and explicit sites. It also",None,,https://dns.d0wn.biz,1,,yes,no,[2a0d:2a00:1::]:8443,none,none,none
cleanbrowsing-security,cleanbrowsing-security,"Block access to phishing, malware and malicious domains. It does not block adult content.",None,,https://dns.d0wn.biz,1,,yes,no,185.228.168.9:8443,none,none,none
comodo-02,comodo-02,Comodo Dome Shield (anycast) - https://cdome.comodo.com/shield/,None,,https://dns.d0wn.biz,1,,yes,no,8.20.247.2,none,none,none
comss.one,comss.one,DNS server in Lithuania filtering phishing and ads.,None,,https://dns.d0wn.biz,1,,yes,no,94.176.233.93,none,none,none
cpunks-ru,Cypherpunks.ru,Cypherpunks.ru public DNS server,Russia,,http://www.cypherpunks.ru/DNSCrypt.html,1,no,yes,no,77.51.181.209:5353,2.dnscrypt-cert.cypherpunks.ru,1838:CCA3:D953:0A66:3433:5D50:05BD:3758:44E3:977E:E868:2B6C:5528:12BD:A78D:2E99,
cs-austria,cs-austria,"Wien, Austria DNSCrypt server provided by https://cryptostorm.is/",None,,https://dns.d0wn.biz,1,,no,no,94.198.41.235,none,none,none
cs-barcelona,cs-barcelona,"Barcelona, Spain DNSCrypt server provided by https://cryptostorm.is/",None,,https://dns.d0wn.biz,1,,no,no,37.120.142.115,none,none,none
cs-belgium,cs-belgium,"Brussels, Belgium DNSCrypt server provided by https://cryptostorm.is/",None,,https://dns.d0wn.biz,1,,no,no,37.120.236.11,none,none,none
cs-berlin,cs-berlin,"Berlin, Germany DNSCrypt server provided by https://cryptostorm.is/",None,,https://dns.d0wn.biz,1,,no,no,37.120.217.75,none,none,none
cs-brazil,cs-brazil,"Sao Paulo, Brazil DNSCrypt server provided by https://cryptostorm.is/",None,,https://dns.d0wn.biz,1,,no,no,177.54.145.131,none,none,none
cs-bulgaria,cs-bulgaria,"Sofia, Bulgaria DNSCrypt server provided by https://cryptostorm.is/",None,,https://dns.d0wn.biz,1,,no,no,37.120.152.235,none,none,none
cs-caeast,CS Canada east DNSCrypt server,provided by cryptostorm.is,"Montreal, CA",,https://cryptostorm.is,1,no,yes,yes,167.114.84.132:443,2.dnscrypt-cert.cryptostorm.is,3133:72AD:5956:32C2:416B:872F:098F:851B:DDB9:6528:4C6C:BE9A:4F19:0964:30DB:A95A,
cs-cawest,CS Canada west DNSCrypt server,provided by cryptostorm.is,"Vancouver, CA",,https://cryptostorm.is,1,no,yes,yes,162.221.207.228:443,2.dnscrypt-cert.cryptostorm.is,3133:72AD:5956:32C2:416B:872F:098F:851B:DDB9:6528:4C6C:BE9A:4F19:0964:30DB:A95A,
cs-cfi,CS cryptofree France DNSCrypt server,provided by cryptostorm.is,"Paris, France",,https://cryptostorm.is,1,no,yes,yes,212.83.175.31:443,2.dnscrypt-cert.cryptostorm.is,3133:72AD:5956:32C2:416B:872F:098F:851B:DDB9:6528:4C6C:BE9A:4F19:0964:30DB:A95A,
cs-cfii,CS secondary cryptofree France DNSCrypt server,provided by cryptostorm.is,"Paris, France",,https://cryptostorm.is,1,no,yes,yes,23.105.70.204:443,2.dnscrypt-cert.cryptostorm.is,3133:72AD:5956:32C2:416B:872F:098F:851B:DDB9:6528:4C6C:BE9A:4F19:0964:30DB:A95A,
cs-ch,CS Switzerland DNSCrypt server,provided by cryptostorm.is,"Baar, Switzerland",,https://cryptostorm.is,1,no,yes,yes,185.60.147.77:443,2.dnscrypt-cert.cryptostorm.is,3133:72AD:5956:32C2:416B:872F:098F:851B:DDB9:6528:4C6C:BE9A:4F19:0964:30DB:A95A,
cs-czech,cs-czech,"Prague, Czech Republic DNSCrypt server provided by https://cryptostorm.is/",None,,https://dns.d0wn.biz,1,,no,no,217.138.220.243,none,none,none
cs-dc,cs-dc,"US - Washington, DC DNSCrypt server provided by https://cryptostorm.is/",None,,https://dns.d0wn.biz,1,,no,no,198.7.58.227,none,none,none
cs-de,"CS Frankfurt, DE DNSCrypt server",provided by cryptostorm.is,"Frankfurt, Germany",,https://cryptostorm.is,1,no,yes,yes,84.16.240.43:443,2.dnscrypt-cert.cryptostorm.is,3133:72AD:5956:32C2:416B:872F:098F:851B:DDB9:6528:4C6C:BE9A:4F19:0964:30DB:A95A,
cs-de3,"CS Dusseldorf, DE DNSCrypt server",provided by cryptostorm.is,"Dusseldorf, Germany",,https://cryptostorm.is,1,no,yes,yes,89.163.214.174:443,2.dnscrypt-cert.cryptostorm.is,3133:72AD:5956:32C2:416B:872F:098F:851B:DDB9:6528:4C6C:BE9A:4F19:0964:30DB:A95A,
cs-dk,CS Denmark DNSCrypt server,provided by cryptostorm.is,"Copenhagen, Denmark",,https://cryptostorm.is,1,no,yes,yes,82.103.131.172:443,2.dnscrypt-cert.cryptostorm.is,3133:72AD:5956:32C2:416B:872F:098F:851B:DDB9:6528:4C6C:BE9A:4F19:0964:30DB:A95A,
cs-dk2,CS secondary Denmark DNSCrypt server,provided by cryptostorm.is,"Copenhagen, Denmark",,https://cryptostorm.is,1,no,yes,yes,185.212.169.139:443,2.dnscrypt-cert.cryptostorm.is,3133:72AD:5956:32C2:416B:872F:098F:851B:DDB9:6528:4C6C:BE9A:4F19:0964:30DB:A95A,
cs-dus1,cs-dus1,"Dusseldorf, Germany 1 DNSCrypt server provided by https://cryptostorm.is/",None,,https://dns.d0wn.biz,1,,no,no,213.202.216.12,none,none,none
cs-dus2,cs-dus2,"Dusseldorf, Germany 2 DNSCrypt server provided by https://cryptostorm.is/",None,,https://dns.d0wn.biz,1,,no,no,213.202.216.236,none,none,none
cs-dus3,cs-dus3,"Dusseldorf, Germany 3 DNSCrypt server provided by https://cryptostorm.is/",None,,https://dns.d0wn.biz,1,,no,no,89.163.221.181,none,none,none
cs-dus4,cs-dus4,"Dusseldorf, Germany 4 DNSCrypt server provided by https://cryptostorm.is/",None,,https://dns.d0wn.biz,1,,no,no,85.114.138.119,none,none,none
cs-es,CS Spain DNSCrypt server,provided by cryptostorm.is,"Valencia, Spain",,https://cryptostorm.is,1,no,yes,yes,185.140.114.51:443,2.dnscrypt-cert.cryptostorm.is,3133:72AD:5956:32C2:416B:872F:098F:851B:DDB9:6528:4C6C:BE9A:4F19:0964:30DB:A95A,
cs-fi,CS Finland DNSCrypt server,provided by cryptostorm.is,"Helsinki, Finland",,https://cryptostorm.is,1,no,yes,yes,185.117.118.20:443,2.dnscrypt-cert.cryptostorm.is,3133:72AD:5956:32C2:416B:872F:098F:851B:DDB9:6528:4C6C:BE9A:4F19:0964:30DB:A95A,
cs-finland,cs-finland,Finland DNSCrypt server provided by https://cryptostorm.is,None,,https://dns.d0wn.biz,1,,no,no,185.117.118.20,none,none,none
cs-fl,cs-fl,"US - Miami, FL DNSCrypt server provided by https://cryptostorm.is/",None,,https://dns.d0wn.biz,1,,no,no,23.19.117.55,none,none,none
cs-fl2,cs-fl2,"US - Miami, FL 2 DNSCrypt server provided by https://cryptostorm.is/",None,,https://dns.d0wn.biz,1,,no,no,23.19.117.51,none,none,none
cs-fr,CS France DNSCrypt server,provided by cryptostorm.is,"Paris, France",,https://cryptostorm.is,1,no,yes,yes,212.129.46.86:443,2.dnscrypt-cert.cryptostorm.is,3133:72AD:5956:32C2:416B:872F:098F:851B:DDB9:6528:4C6C:BE9A:4F19:0964:30DB:A95A,
cs-fr2,CS secondary France DNSCrypt server,provided by cryptostorm.is,"Paris, France",,https://cryptostorm.is,1,no,yes,yes,212.129.46.32:443,2.dnscrypt-cert.cryptostorm.is,3133:72AD:5956:32C2:416B:872F:098F:851B:DDB9:6528:4C6C:BE9A:4F19:0964:30DB:A95A,
cs-free,cs-free,"France DNSCrypt server, running on our free server, provided by https://cryptostorm.is/",None,,https://dns.d0wn.biz,1,,no,no,195.154.40.48,none,none,none
cs-ga,cs-ga,"US - Atlanta, GA DNSCrypt server provided by https://cryptostorm.is/",None,,https://dns.d0wn.biz,1,,no,no,64.42.181.227,none,none,none
cs-hungary,cs-hungary,"Budapest, Hungary DNSCrypt server provided by https://cryptostorm.is/",None,,https://dns.d0wn.biz,1,,no,no,86.106.74.219,none,none,none
cs-il,cs-il,"US - Chicago, IL DNSCrypt server provided by https://cryptostorm.is/",None,,https://dns.d0wn.biz,1,,no,no,173.234.56.115,none,none,none
cs-il2,cs-il2,"US - Chicago, IL 2 DNSCrypt server provided by https://cryptostorm.is/",None,,https://dns.d0wn.biz,1,,no,no,172.107.199.19,none,none,none
cs-india,cs-india,India DNSCrypt server provided by https://cryptostorm.is/,None,,https://dns.d0wn.biz,1,,no,no,165.231.253.163,none,none,none
cs-ireland,cs-ireland,"Dublin, Ireland DNSCrypt server provided by https://cryptostorm.is/",None,,https://dns.d0wn.biz,1,,no,no,37.120.235.187,none,none,none
cs-is,cs-is,Iceland DNSCrypt server provided by https://cryptostorm.is/,None,,https://dns.d0wn.biz,1,,no,no,82.221.128.44,none,none,none
cs-la,cs-la,"US - Los Angeles, CA DNSCrypt server provided by https://cryptostorm.is/",None,,https://dns.d0wn.biz,1,,no,no,23.19.67.116,none,none,none
cs-london,cs-london,"London, England DNSCrypt server provided by https://cryptostorm.is/",None,,https://dns.d0wn.biz,1,,no,no,78.129.140.65,none,none,none
cs-lt,CS Lithuania DNSCrypt server,provided by cryptostorm.is,"Vilnius, Lithuania",,https://cryptostorm.is,1,no,yes,yes,46.166.170.10:443,2.dnscrypt-cert.cryptostorm.is,3133:72AD:5956:32C2:416B:872F:098F:851B:DDB9:6528:4C6C:BE9A:4F19:0964:30DB:A95A,
cs-lv,CS Latvia DNSCrypt server,provided by cryptostorm.is,"Riga, Latvia",,https://cryptostorm.is,1,no,yes,yes,80.233.134.52:443,2.dnscrypt-cert.cryptostorm.is,3133:72AD:5956:32C2:416B:872F:098F:851B:DDB9:6528:4C6C:BE9A:4F19:0964:30DB:A95A,
cs-madrid,cs-madrid,"Madrid, Spain DNSCrypt server provided by https://cryptostorm.is/",None,,https://dns.d0wn.biz,1,,no,no,185.183.106.83,none,none,none
cs-manchester,cs-manchester,"Manchester, England DNSCrypt server provided by https://cryptostorm.is/",None,,https://dns.d0wn.biz,1,,no,no,195.12.48.171,none,none,none
cs-md,CS Moldova DNSCrypt server,provided by cryptostorm.is,"Chisinau, Moldova",,https://cryptostorm.is,1,no,yes,yes,176.123.3.249:443,2.dnscrypt-cert.cryptostorm.is,3133:72AD:5956:32C2:416B:872F:098F:851B:DDB9:6528:4C6C:BE9A:4F19:0964:30DB:A95A,
cs-mexico,cs-mexico,"Mexico City, Mexico DNSCrypt server provided by https://cryptostorm.is/",None,,https://dns.d0wn.biz,1,,no,no,103.14.26.190,none,none,none
cs-milan,cs-milan,"Milan, Italy DNSCrypt server provided by https://cryptostorm.is/",None,,https://dns.d0wn.biz,1,,no,no,217.138.219.219,none,none,none
cs-montreal,cs-montreal,"Montreal, Canada DNSCrypt server provided by https://cryptostorm.is/",None,,https://dns.d0wn.biz,1,,no,no,167.114.84.132,none,none,none
cs-montreal2,cs-montreal2,"Montreal, Canada 2 DNSCrypt server provided by https://cryptostorm.is/",None,,https://dns.d0wn.biz,1,,no,no,144.168.165.163,none,none,none
cs-nc,cs-nc,US - North Carolina DNSCrypt server provided by https://cryptostorm.is/,None,,https://dns.d0wn.biz,1,,no,no,155.254.21.250,none,none,none
cs-nl,cs-nl,Netherlands DNSCrypt server provided by https://cryptostorm.is/,None,,https://dns.d0wn.biz,1,,no,no,185.107.80.84,none,none,none
cs-nl2,cs-nl2,Netherlands 2 DNSCrypt server provided by https://cryptostorm.is/,None,,https://dns.d0wn.biz,1,,no,no,172.107.226.107,none,none,none
cs-norway,cs-norway,"Oslo, Norway DNSCrypt server provided by https://cryptostorm.is/",None,,https://dns.d0wn.biz,1,,no,no,91.219.215.227,none,none,none
cs-nv,cs-nv,"US - Las Vegas, NV DNSCrypt server provided by https://cryptostorm.is/",None,,https://dns.d0wn.biz,1,,no,no,37.120.147.2,none,none,none
cs-nyc1,cs-nyc1,"US - New York City, NY 1 DNSCrypt server provided by https://cryptostorm.is/",None,,https://dns.d0wn.biz,1,,no,no,23.19.245.88,none,none,none
cs-nyc2,cs-nyc2,"US - New York City, NY 2 DNSCrypt server provided by https://cryptostorm.is/",None,,https://dns.d0wn.biz,1,,no,no,23.19.245.84,none,none,none
cs-ore,cs-ore,US - Oregon DNSCrypt server provided by https://cryptostorm.is/,None,,https://dns.d0wn.biz,1,,no,no,104.255.175.2,none,none,none
cs-pl,CS Poland DNSCrypt server,provided by cryptostorm.is,"Warsaw, Poland",,https://cryptostorm.is,1,no,yes,yes,5.133.8.187:443,2.dnscrypt-cert.cryptostorm.is,3133:72AD:5956:32C2:416B:872F:098F:851B:DDB9:6528:4C6C:BE9A:4F19:0964:30DB:A95A,
cs-poland,cs-poland,"Warsaw, Poland DNSCrypt server provided by https://cryptostorm.is/",None,,https://dns.d0wn.biz,1,,no,no,37.120.211.91,none,none,none
cs-pt,cs-pt,Portugal DNSCrypt server provided by https://cryptostorm.is/,None,,https://dns.d0wn.biz,1,,no,no,91.205.230.224,none,none,none
cs-ro,cs-ro,Romania DNSCrypt server provided by https://cryptostorm.is/,None,,https://dns.d0wn.biz,1,,no,no,146.70.66.227,none,none,none
cs-rome,cs-rome,"Rome, Italy DNSCrypt server provided by https://cryptostorm.is/",None,,https://dns.d0wn.biz,1,,no,no,37.120.207.131,none,none,none
cs-sea,cs-sea,"US - Seattle, WA DNSCrypt server provided by https://cryptostorm.is/",None,,https://dns.d0wn.biz,1,,no,no,64.120.5.251,none,none,none
cs-serbia,cs-serbia,"Belgrade, Serbia DNSCrypt server provided by https://cryptostorm.is/",None,,https://dns.d0wn.biz,1,,no,no,37.120.193.219,none,none,none
cs-sk,cs-sk,South Korea DNSCrypt server provided by https://cryptostorm.is/,None,,https://dns.d0wn.biz,1,,no,no,172.107.154.211,none,none,none
cs-slovakia,cs-slovakia,"Bratislava, Slovakia DNSCrypt server provided by https://cryptostorm.is/",None,,https://dns.d0wn.biz,1,,no,no,193.37.255.227,none,none,none
cs-swe,cs-swe,Sweden DNSCrypt server provided by https://cryptostorm.is/,None,,https://dns.d0wn.biz,1,,no,no,128.127.104.108,none,none,none
cs-sydney,cs-sydney,"Sydney, Australia DNSCrypt server provided by https://cryptostorm.is/",None,,https://dns.d0wn.biz,1,,no,no,37.120.234.251,none,none,none
cs-tokyo,cs-tokyo,"Tokyo, Japan DNSCrypt server provided by https://cryptostorm.is/",None,,https://dns.d0wn.biz,1,,no,no,146.70.31.43,none,none,none
cs-tx,cs-tx,"US - Dallas, TX DNSCrypt server provided by https://cryptostorm.is/",None,,https://dns.d0wn.biz,1,,no,no,209.58.147.36,none,none,none
cs-tx2,cs-tx2,"US - Dallas, TX 2 DNSCrypt server provided by https://cryptostorm.is/",None,,https://dns.d0wn.biz,1,,no,no,45.35.35.99,none,none,none
cs-tx3,cs-tx3,"US - Dallas, TX 3 DNSCrypt server provided by https://cryptostorm.is/",None,,https://dns.d0wn.biz,1,,no,no,45.35.72.43,none,none,none
cs-uk,CS England DNSCrypt server,provided by cryptostorm.is,"Rugby, England",,https://cryptostorm.is,1,no,yes,yes,5.101.137.251:443,2.dnscrypt-cert.cryptostorm.is,3133:72AD:5956:32C2:416B:872F:098F:851B:DDB9:6528:4C6C:BE9A:4F19:0964:30DB:A95A,
cs-useast,CS New York City NY US DNSCrypt server,provided by cryptostorm.is,"Buffalo, NY",,https://cryptostorm.is,1,no,yes,yes,173.234.159.235:443,2.dnscrypt-cert.cryptostorm.is,3133:72AD:5956:32C2:416B:872F:098F:851B:DDB9:6528:4C6C:BE9A:4F19:0964:30DB:A95A,
cs-useast2,CS Washington DC US DNSCrypt server,provided by cryptostorm.is,"Washington, DC",,https://cryptostorm.is,1,no,yes,yes,198.7.58.227:443,2.dnscrypt-cert.cryptostorm.is,3133:72AD:5956:32C2:416B:872F:098F:851B:DDB9:6528:4C6C:BE9A:4F19:0964:30DB:A95A,
cs-usnorth,CS Chicago IL US DNSCrypt server,provided by cryptostorm.is,"Chicago, IL",,https://cryptostorm.is,1,no,yes,yes,173.234.56.115:443,2.dnscrypt-cert.cryptostorm.is,3133:72AD:5956:32C2:416B:872F:098F:851B:DDB9:6528:4C6C:BE9A:4F19:0964:30DB:A95A,
cs-ussouth,CS Dallas TX US DNSCrypt server,provided by cryptostorm.is,"Dallas, TX",,https://cryptostorm.is,1,no,yes,yes,70.32.38.67:443,2.dnscrypt-cert.cryptostorm.is,3133:72AD:5956:32C2:416B:872F:098F:851B:DDB9:6528:4C6C:BE9A:4F19:0964:30DB:A95A,
cs-ussouth2,CS Atlanta GA US DNSCrypt server,provided by cryptostorm.is,"Atlanta, GA",,https://cryptostorm.is,1,no,yes,yes,108.62.19.131:443,2.dnscrypt-cert.cryptostorm.is,3133:72AD:5956:32C2:416B:872F:098F:851B:DDB9:6528:4C6C:BE9A:4F19:0964:30DB:A95A,
cs-uswest,CS Seattle WA US DNSCrypt server,provided by cryptostorm.is,"Seattle, WA",,https://cryptostorm.is,1,no,yes,yes,64.120.5.251:443,2.dnscrypt-cert.cryptostorm.is,3133:72AD:5956:32C2:416B:872F:098F:851B:DDB9:6528:4C6C:BE9A:4F19:0964:30DB:A95A,
cs-uswest3,CS secondary Las Vegas NV US DNSCrypt server,provided by cryptostorm.is,"Las Vegas, NV",,https://cryptostorm.is,1,no,yes,yes,104.238.195.139:443,2.dnscrypt-cert.cryptostorm.is,3133:72AD:5956:32C2:416B:872F:098F:851B:DDB9:6528:4C6C:BE9A:4F19:0964:30DB:A95A,
cs-uswest5,CS Los Angeles CA US DNSCrypt server,provided by cryptostorm.is,"Los Angeles, CA",,https://cryptostorm.is,1,no,yes,yes,173.208.95.75:443,2.dnscrypt-cert.cryptostorm.is,3133:72AD:5956:32C2:416B:872F:098F:851B:DDB9:6528:4C6C:BE9A:4F19:0964:30DB:A95A,
cs-vancouver,cs-vancouver,"Vancouver, Canada DNSCrypt server provided by https://cryptostorm.is/",None,,https://dns.d0wn.biz,1,,no,no,71.19.251.34,none,none,none
d0wn-at-ns1,D0wn Resolver Austria 01,Server provided by Martin 'd0wn' Albus,Austria,,https://dns.d0wn.biz,1,yes,yes,no,79.133.33.52,2.dnscrypt-cert.at.d0wn.biz,717E:5DF4:1841:CD4B:D92E:CE16:ECCC:443D:B305:B03D:86E6:69B7:4AC1:FBB6:18D0:2BB4,pubkey.at.dnscrypt.d0wn.biz
d0wn-cz-ns1,D0wn Resolver Czech Republic 01,Server provided by Martin 'd0wn' Albus,Czech Republic,,https://dns.d0wn.biz,1,yes,yes,no,81.2.237.32,2.dnscrypt-cert.cz.d0wn.biz,EE21:5055:4DA0:1367:BAC3:768A:7C1E:24BF:D777:ACD5:77A4:44F8:BDF3:84E0:5966:D855,pubkey.cz.dnscrypt.d0wn.biz
d0wn-de-ns1,D0wn Resolver Germany 01,Server provided by Martin 'd0wn' Albus,Germany,,https://dns.d0wn.biz,1,yes,yes,no,82.211.31.248,2.dnscrypt-cert.de.d0wn.biz,B040:19F8:8D49:4682:41E3:EB58:5F61:173F:EF8E:55DA:0597:2DB7:27BB:C153:1DD8:D109,pubkey.de.dnscrypt.d0wn.biz
d0wn-de-ns1-ipv6,D0wn Resolver Germany 01 over IPv6,Server provided by Martin 'd0wn' Albus,Germany,,https://dns.d0wn.biz,1,yes,yes,no,[2001:1608:10:195:3:dead:beef:cafe]:443,2.dnscrypt-cert.de.d0wn.biz,B040:19F8:8D49:4682:41E3:EB58:5F61:173F:EF8E:55DA:0597:2DB7:27BB:C153:1DD8:D109,pubkey.de.dnscrypt.d0wn.biz
d0wn-es-ns1,D0wn Resolver Spain 01,Server provided by Martin 'd0wn' Albus,Spain,,https://dns.d0wn.biz,1,yes,yes,no,91.142.220.29,2.dnscrypt-cert.es.d0wn.biz,EB09:E854:AEDA:9705:CB47:ED69:EADD:4156:3653:82C5:C88D:A2E3:6917:3B54:4774:7505,pubkey.es.dnscrypt.d0wn.biz
d0wn-fr-ns1,D0wn Resolver France 01,Server provided by Martin 'd0wn' Albus,France,,https://dns.d0wn.biz,1,yes,yes,no,151.80.7.115:1053,2.dnscrypt-cert.fr.d0wn.biz,58A8:22D3:29EB:C14F:BCEB:45AF:42EB:2F58:C797:0AD3:ED31:397D:1D34:8636:2375:7251,pubkey.fr.dnscrypt.d0wn.biz
d0wn-fr-ns2,D0wn Resolver France 02,Server provided by Martin 'd0wn' Albus,France,,https://dns.d0wn.biz,1,yes,yes,no,37.187.0.40,2.dnscrypt-cert.fr2.d0wn.biz,25A7:DB7B:7835:55D5:7DA4:7C0C:57F8:9C5F:0220:3D09:67E3:585A:723E:E0D1:CB38:F767,pubkey.fr2.dnscrypt.d0wn.biz
d0wn-fr-ns2-ipv6,D0wn Resolver France 02 over IPv6,Server provided by Martin 'd0wn' Albus,France,,https://dns.d0wn.biz,1,yes,yes,no,[2001:41D0:A:0028::1]:443,2.dnscrypt-cert.fr2.d0wn.biz,25A7:DB7B:7835:55D5:7DA4:7C0C:57F8:9C5F:0220:3D09:67E3:585A:723E:E0D1:CB38:F767,pubkey.fr2.dnscrypt.d0wn.biz
d0wn-gr-ns1,D0wn Resolver Greece 01,Server provided by Martin 'd0wn' Albus,Greece,,https://dns.d0wn.biz,1,yes,yes,no,85.25.105.193,2.dnscrypt-cert.gr.d0wn.biz,B19C:0B5C:48F2:58FA:0BE4:67F4:5F50:BC7F:985F:C544:8A4F:BC9D:5574:5A35:5701:8009,pubkey.gr.dnscrypt.d0wn.biz
d0wn-id-ns1,D0wn Resolver Indonesia 01,Server provided by Martin 'd0wn' Albus,Indonesia,,https://dns.d0wn.biz,1,yes,yes,no,45.114.118.195,2.dnscrypt-cert.id.d0wn.biz,BE93:B3F1:2A3B:2448:8F33:F91F:9461:5F73:D5CA:56D6:C789:96DE:7A18:D4DE:5182:094D,pubkey.id.dnscrypt.d0wn.biz
d0wn-is-ns1,D0wn Resolver Iceland 01,Server provided by Martin 'd0wn' Albus,Iceland,,https://dns.d0wn.biz,1,yes,yes,no,37.235.49.61,2.dnscrypt-cert.is.d0wn.biz,2B28:974E:073A:6B38:722A:5BE1:F7A0:250C:508F:A809:238F:8F3D:76D8:6098:20D7:B2D9,pubkey.is.dnscrypt.d0wn.biz
d0wn-is-ns2,D0wn Resolver Iceland 02,Server provided by Martin 'd0wn' Albus,Iceland,,https://dns.d0wn.biz,1,yes,yes,no,93.95.226.165,2.dnscrypt-cert.is2.d0wn.biz,8460:34A9:C630:CA3C:04AC:4A90:1625:F17A:87B2:ACB9:4180:AC48:1E2C:10E8:CEDE:1A6F,pubkey.is2.dnscrypt.d0wn.biz
d0wn-it-ns1,D0wn Resolver Italy 01,Server provided by Martin 'd0wn' Albus,Italy,,https://dns.d0wn.biz,1,yes,yes,no,31.14.133.188,2.dnscrypt-cert.it.d0wn.biz,2DEC:CEF8:A4D0:57DE:0D1A:CE8E:0A3C:BEB8:2135:61A8:BF0E:7373:0BA0:EC38:C876:3B50,pubkey.it.dnscrypt.d0wn.biz
d0wn-lv-ns1,D0wn Resolver Latvia 01,Server provided by Martin 'd0wn' Albus,Latvia,,https://dns.d0wn.biz,1,yes,yes,no,89.111.13.60,2.dnscrypt-cert.lv.d0wn.biz,9AC3:6B4C:7ADB:E7D6:D697:B6BF:151C:151A:B291:8C5D:B912:15F8:B986:5926:33A4:A5E1,pubkey.lv.dnscrypt.d0wn.biz
d0wn-lv-ns2,D0wn Resolver Latvia 02,Server provided by Martin 'd0wn' Albus,Latvia,,https://dns.d0wn.biz,1,yes,yes,no,185.86.151.28,2.dnscrypt-cert.lv2.d0wn.biz,B111:F80C:E3E0:1C36:CC73:0995:009E:6351:EF08:0503:309D:9417:7AA3:8C67:916D:0CDF,pubkey.lv.dnscrypt.d0wn.biz
d0wn-lv-ns2-ipv6,D0wn Resolver Latvia 01 over IPv6,Server provided by Martin 'd0wn' Albus,Latvia,,https://dns.d0wn.biz,1,yes,yes,no,[2a02:7aa0:1201::f60e:2719]:443,2.dnscrypt-cert.lv2.d0wn.biz,B111:F80C:E3E0:1C36:CC73:0995:009E:6351:EF08:0503:309D:9417:7AA3:8C67:916D:0CDF,pubkey.lv.dnscrypt.d0wn.biz
d0wn-md-ns1,D0wn Resolver Moldova 01,Server provided by Martin 'd0wn' Albus,Moldova,,https://dns.d0wn.biz,1,yes,yes,no,178.17.170.67:1053,2.dnscrypt-cert.md.d0wn.biz,3DB2:C4CB:39E2:6B82:FDDF:6D91:1A65:D164:F4F0:D237:8CDD:0C37:469F:24BA:B9A0:F9FF,pubkey.md.dnscrypt.d0wn.biz
d0wn-md-ns1-ipv6,D0wn Resolver Moldova 01 over IPv6,Server provided by Martin 'd0wn' Albus,Moldova,,https://dns.d0wn.biz,1,yes,yes,no,[2a00:1dc0:cafe::ad86:fa7e]:1053,2.dnscrypt-cert.md.d0wn.biz,3DB2:C4CB:39E2:6B82:FDDF:6D91:1A65:D164:F4F0:D237:8CDD:0C37:469F:24BA:B9A0:F9FF,pubkey.md.dnscrypt.d0wn.biz
d0wn-mx-ns1,D0wn Resolver Mexico 01,Server provided by Martin 'd0wn' Albus,Mexico,,https://dns.d0wn.biz,1,yes,yes,no,201.131.126.212,2.dnscrypt-cert.mx.d0wn.biz,999E:63F0:0DE7:C171:3A72:5625:2A3F:097B:EC3A:D28F:BE28:7569:5C37:E80D:3D55:4FD0,pubkey.mx.dnscrypt.d0wn.biz
d0wn-nl-ns1,D0wn Resolver Netherlands 01,Server provided by Martin 'd0wn' Albus,Netherlands,,https://dns.d0wn.biz,1,yes,yes,no,95.85.9.86:1053,2.dnscrypt-cert.nl.d0wn.biz,7BE6:68FE:A505:FFA7:4C27:C2CA:F881:59DA:038C:5741:13AA:2556:A4D2:2D0B:B6F0:009E,pubkey.nl.dnscrypt.d0wn.biz
d0wn-nl-ns1-ipv6,D0wn Resolver Netherlands 01 over IPv6,Server provided by Martin 'd0wn' Albus,Netherlands,,https://dns.d0wn.biz,1,yes,yes,no,[2a03:b0c0:0:1010::62:f001]:1053,2.dnscrypt-cert.nl.d0wn.biz,7BE6:68FE:A505:FFA7:4C27:C2CA:F881:59DA:038C:5741:13AA:2556:A4D2:2D0B:B6F0:009E,pubkey.nl.dnscrypt.d0wn.biz
d0wn-nl-ns2,D0wn Resolver Netherlands 02,Server provided by Martin 'd0wn' Albus,Netherlands,,https://dns.d0wn.biz,1,yes,yes,no,185.83.217.248:1053,2.dnscrypt-cert.nl2.d0wn.biz,DFAA:B7D8:29E6:1F34:4FED:2610:4221:70C9:ADC7:7E9F:A65F:4A46:0BAE:A735:3186:3B99,pubkey.nl2.dnscrypt.d0wn.biz
d0wn-nl-ns2-ipv6,D0wn Resolver Netherlands 02 over IPv6,Server provided by Martin 'd0wn' Albus,Netherlands,,https://dns.d0wn.biz,1,yes,yes,no,[2a02:2ca0:64:22::2]:1053,2.dnscrypt-cert.nl2.d0wn.biz,DFAA:B7D8:29E6:1F34:4FED:2610:4221:70C9:ADC7:7E9F:A65F:4A46:0BAE:A735:3186:3B99,pubkey.nl2.dnscrypt.d0wn.biz
d0wn-nl-ns4,D0wn Resolver Netherlands 04,Server provided by Martin 'd0wn' Albus,Netherlands,,https://dns.d0wn.biz,1,yes,yes,no,31.220.43.105,2.dnscrypt-cert.nl4.d0wn.biz,2A4F:4389:5CE6:3230:B4C5:76A5:AC38:6418:4D12:6949:B160:FDB0:9166:ABB4:CEC6:0672,pubkey.nl4.dnscrypt.d0wn.biz
d0wn-random-ns1,D0wn Resolver Moldova Random 01,Server provided by Martin 'd0wn' Albus,Moldova,,https://dns.d0wn.biz,1,yes,yes,no,178.17.170.133:443,2.dnscrypt-cert.random.d0wn.biz,A420:867F:ED5C:024C:C86A:EECE:AA05:194B:017F:D2FF:9E72:385A:874F:8CE5:6832:ED2E,pubkey.random.dnscrypt.d0wn.biz
d0wn-random-ns1-ipv6,D0wn Resolver Moldova Random 01 over IPv6,Server provided by Martin 'd0wn' Albus,Moldova,,https://dns.d0wn.biz,1,yes,yes,no,[2a00:1dc0:cafe::c6af:c19d]:443,2.dnscrypt-cert.random.d0wn.biz,A420:867F:ED5C:024C:C86A:EECE:AA05:194B:017F:D2FF:9E72:385A:874F:8CE5:6832:ED2E,pubkey.random.dnscrypt.d0wn.biz
d0wn-random-ns2,D0wn Resolver Netherlands Random 02,Server provided by Martin 'd0wn' Albus,Netherlands,,https://dns.d0wn.biz,1,yes,yes,no,185.14.29.140,2.dnscrypt-cert.random2.d0wn.biz,7D73:F486:3C01:4CC9:B278:D107:F254:7A4F:1EA2:1081:07B0:CB82:645A:D8A4:B98A:B327,pubkey.random2.dnscrypt.d0wn.biz
d0wn-random-ns2-ipv6,D0wn Resolver Netherlands Random 02 over IPv6,Server provided by Martin 'd0wn' Albus,Netherlands,,https://dns.d0wn.biz,1,yes,yes,no,[2a00:1ca8:a7::1e9]:443,2.dnscrypt-cert.random2.d0wn.biz,7D73:F486:3C01:4CC9:B278:D107:F254:7A4F:1EA2:1081:07B0:CB82:645A:D8A4:B98A:B327,pubkey.random2.dnscrypt.d0wn.biz
d0wn-ru-ns1,D0wn Resolver Russia 01,Server provided by Martin 'd0wn' Albus,Russia,,https://dns.d0wn.biz,1,yes,yes,no,91.214.71.181,2.dnscrypt-cert.ru.d0wn.biz,0ECA:BC40:E0A1:335F:0221:4240:AB86:2919:D16A:2393:CCEB:4B40:9EB9:4F24:3077:ED99,pubkey.ru.dnscrypt.d0wn.biz
d0wn-se-ns1,D0wn Resolver Sweden 01,Server provided by Martin 'd0wn' Albus,Sweden,,https://dns.d0wn.biz,1,yes,yes,no,95.215.44.124,2.dnscrypt-cert.se.d0wn.biz,9D4F:762B:DD24:F77A:64B4:7E0F:F5C6:93FD:A02A:39E9:8FEC:0CEE:F252:3A5F:A403:C032,pubkey.se.dnscrypt.d0wn.biz
d0wn-se-ns1-ipv6,D0wn Resolver Sweden 01 over IPv6,Server provided by Martin 'd0wn' Albus,Sweden,,https://dns.d0wn.biz,1,yes,yes,no,[2a02:7aa0:1619::4f50:a69]:443,2.dnscrypt-cert.se.d0wn.biz,9D4F:762B:DD24:F77A:64B4:7E0F:F5C6:93FD:A02A:39E9:8FEC:0CEE:F252:3A5F:A403:C032,pubkey.se.dnscrypt.d0wn.biz
d0wn-se-ns2,D0wn Resolver Sweden 02,Server provided by Martin 'd0wn' Albus,Sweden,,https://dns.d0wn.biz,1,yes,yes,no,31.220.5.186,2.dnscrypt-cert.se2.d0wn.biz,C57D:D6A4:178E:ADE2:D0C0:B138:A4D4:074A:DF59:1488:8711:5CAC:EB60:A37B:3492:DA15,pubkey.se2.dnscrypt.d0wn.biz
d0wn-sg-ns1,D0wn Resolver Singapore 01,Server provided by Martin 'd0wn' Albus,Singapore,,https://dns.d0wn.biz,1,yes,yes,no,128.199.248.105,2.dnscrypt-cert.sg.d0wn.biz,D82B:2B76:1DA0:8470:B55B:820C:FAAB:9F32:D632:E9E0:5616:2CE7:7D21:E970:98FF:4A34,pubkey.sg.dnscrypt.d0wn.biz
d0wn-sg-ns1-ipv6,D0wn Resolver Singapore 01 over IPv6,Server provided by Martin 'd0wn' Albus,Singapore,,https://dns.d0wn.biz,1,yes,yes,no,[2400:6180:0:d0::38:d001]:443,2.dnscrypt-cert.sg.d0wn.biz,D82B:2B76:1DA0:8470:B55B:820C:FAAB:9F32:D632:E9E0:5616:2CE7:7D21:E970:98FF:4A34,pubkey.sg.dnscrypt.d0wn.biz
d0wn-tz-ns1,d0wn-tz-ns1,Server provided by Martin 'd0wn' Albus,None,,https://dns.d0wn.biz,1,,yes,no,41.79.69.13,none,none,none
d0wn-tz-ns1-ipv6,d0wn-tz-ns1-ipv6,Server provided by Martin 'd0wn' Albus,None,,https://dns.d0wn.biz,1,,yes,no,[2c0f:fda8:5::2ed1:d2ec],none,none,none
d0wn-us-ns1,D0wn Resolver United States of America 01,Server provided by Martin 'd0wn' Albus,United States of America,,https://dns.d0wn.biz,1,yes,yes,no,107.181.187.219,2.dnscrypt-cert.us.d0wn.biz,04BB:6100:7CFF:C72B:AF91:8942:F9DC:12A9:61A1:C6F2:177F:7CF9:F3C9:1B43:9FBE:6B80,pubkey.us.dnscrypt.d0wn.biz
d0wn-us-ns2,D0wn Resolver United States of America 02,Server provided by Martin 'd0wn' Albus,United States of America,,https://dns.d0wn.biz,1,yes,yes,no,192.252.222.24,2.dnscrypt-cert.us2.d0wn.biz,729B:FABE:2295:D469:E911:F97E:3EE4:F6DB:0190:EA6F:7CF3:F7EE:BB6B:99B1:698A:237D,pubkey.us2.dnscrypt.d0wn.biz
d0wn-us-ns4,D0wn Resolver United States of America 04,Server provided by Martin 'd0wn' Albus,United States of America,,https://dns.d0wn.biz,1,yes,yes,no,107.181.168.52,2.dnscrypt-cert.us4.d0wn.biz,F392:5D53:A315:66C2:ACF2:B2D2:8A69:6739:B066:1B8C:EF1B:3AFD:E828:0D83:D4EA:6D7D,pubkey.us4.dnscrypt.d0wn.biz
d0wn-za-ns1,D0wn Resolver South Africa 01,Server provided by Martin 'd0wn' Albus,South Africa,,https://dns.d0wn.biz,1,yes,yes,no,169.239.181.3,2.dnscrypt-cert.za.d0wn.biz,FBBD:0F3A:AF2B:B1BB:CD8F:9324:D5F6:A68C:E722:3890:8B90:92CF:F6D2:BF7C:9EC1:1368,pubkey.za.dnscrypt.d0wn.biz
dct-at1,dct-at1,"DNSCrypt | IPv4 only | Non-logging | Non-filtering | DNSSEC | Vienna, Austria.",None,,https://dns.d0wn.biz,1,,yes,no,83.138.55.36,none,none,none
dct-ru1,dct-ru1,"DNSCrypt | IPv4 only | Non-logging | Non-filtering | DNSSEC | Saint Petersburg, Russia.",None,,https://dns.d0wn.biz,1,,yes,no,94.242.59.35,none,none,none
dct-ru2,dct-ru2,"DNSCrypt | IPv4 only | Non-logging | Non-filtering | DNSSEC | Moscow, Russia.",None,,https://dns.d0wn.biz,1,,yes,no,185.22.154.19:8443,none,none,none
decloudus-nogoogle-tst,decloudus-nogoogle-tst,"Servers helps you deGoogle and unGoogle by completely blocking Google tracking in addition to annoying ads, online trackers, and malware. Supports DNSSEC. No Logs.",None,,https://dns.d0wn.biz,1,,yes,no,176.9.199.158:8443,none,none,none
decloudus-nogoogle-tstipv6,decloudus-nogoogle-tstipv6,"Servers helps you deGoogle and unGoogle by completely blocking Google tracking in addition to annoying ads, online trackers, and malware. Supports DNSSEC. No Logs. For IPv6.",None,,https://dns.d0wn.biz,1,,yes,no,[2a01:4f8:151:11b0::3]:8443,none,none,none
deffer-dns.au,deffer-dns.au,DNSSEC/Non-logged/Uncensored in Sydney (AWS).,None,,https://dns.d0wn.biz,1,,yes,no,52.65.235.129,none,none,none
dns.watch,dns.watch,"Free, uncensored, non-logging server in Germany.",None,,https://dns.d0wn.biz,1,,yes,no,84.200.70.40,none,none,none
dns.watch-ipv6,dns.watch-ipv6,"Free, uncensored, non-logging server in Germany. IPv6 only.",None,,https://dns.d0wn.biz,1,,yes,no,[2001:1608:10:25::9249:d69b],none,none,none
dnscrypt.be,dnscrypt.be,"Resolver in Leuven, Belgium (UCLL Campus Proximus). Non-logging/DNSSEC/Uncensored. https://dnscrypt.be",None,,https://dns.d0wn.biz,1,,yes,no,193.191.187.107,none,none,none
dnscrypt.ca-1,dnscrypt.ca-1,"Free, Canadian, uncensored, no-logs, encrypted, and DNSSEC validated DNS service for your pleasure. https://dnscrypt.ca/",None,,https://dns.d0wn.biz,1,,yes,no,167.114.220.125,none,none,none
dnscrypt.ca-1-ipv6,dnscrypt.ca-1-ipv6,"Free, Canadian, uncensored, no-logs, encrypted, and DNSSEC validated DNS service for your pleasure. https://dnscrypt.ca/",None,,https://dns.d0wn.biz,1,,yes,no,[2607:5300:61:95f:7283:11d9:f86:e689],none,none,none
dnscrypt.ca-2,dnscrypt.ca Server 2,Uncensored DNSSEC validating and log-free,"Montreal, Canada",,https://dnscrypt.ca/,1,yes,yes,no,199.167.128.112:5353,2.dnscrypt-cert.dnscrypt.ca-2,43D5:2C82:5922:96C2:DB6F:8D48:CE22:4FDC:C726:26E1:06F6:E388:6193:FA00:9029:631B,
dnscrypt.ca-2-ipv6,dnscrypt.ca-2-ipv6,"Free, Canadian, uncensored, no-logs, encrypted, and DNSSEC validated DNS service for your pleasure. https://dnscrypt.ca/",None,,https://dns.d0wn.biz,1,,yes,no,[2607:5300:61:95f:7283:11d9:f86:e690],none,none,none
dnscrypt.eu-dk,DNSCrypt.eu Denmark,"Free, non-logged, uncensored. Hosted by Netgroup.",Denmark,,https://dnscrypt.eu,1,yes,yes,no,77.66.84.233,2.dnscrypt-cert.resolver2.dnscrypt.eu,3748:5585:E3B9:D088:FD25:AD36:B037:01F5:520C:D648:9E9A:DD52:1457:4955:9F0A:9955,pubkey.resolver2.dnscrypt.eu
dnscrypt.eu-dk-ipv6,DNSCrypt.eu Denmark over IPv6,"Free, non-logged, uncensored. Hosted by Netgroup.",Denmark,,https://dnscrypt.eu,1,yes,yes,no,[2001:1448:243::dc2]:443,2.dnscrypt-cert.resolver2.dnscrypt.eu,3748:5585:E3B9:D088:FD25:AD36:B037:01F5:520C:D648:9E9A:DD52:1457:4955:9F0A:9955,pubkey.resolver2.dnscrypt.eu
dnscrypt.eu-nl,dnscrypt.eu-nl,"Free, non-logged, uncensored. Hosted by RamNode.",None,,https://dns.d0wn.biz,1,,yes,no,176.56.237.171,none,none,none
dnscrypt.eu-nl-ipv6,dnscrypt.eu-nl-ipv6,"Free, non-logged, uncensored. Hosted by RamNode.",None,,https://dns.d0wn.biz,1,,yes,no,[2a00:d880:3:1::a6c1:2e89],none,none,none
dnscrypt.nl-ns0,DNSCrypt.nl The Netherlands (NL),"Public DNSCrypt server in Amsterdam, the Netherlands",Netherlands,,https://dnscrypt.nl,1,yes,yes,no,45.76.35.212,2.dnscrypt-cert.ns0.dnscrypt.nl,4C84:FB8C:0511:5DFA:5F97:C5ED:0329:1370:C78A:BCD6:4E15:DD53:AB08:DE72:FB84:4ACA,pkey.ns0.dnscrypt.nl
dnscrypt.nl-ns0-ipv6,DNSCrypt.nl The Netherlands (NL) over IPv6,"Public DNSCrypt server in Amsterdam, the Netherlands",Netherlands,,https://dnscrypt.nl,1,yes,yes,no,[2001:19f0:5001:30a:5400:ff:fe58:7140]:443,2.dnscrypt-cert.ns0.dnscrypt.nl,4C84:FB8C:0511:5DFA:5F97:C5ED:0329:1370:C78A:BCD6:4E15:DD53:AB08:DE72:FB84:4ACA,pkey.ns0.dnscrypt.nl
dnscrypt.org-fr,DNSCrypt.org France,DNSSEC/Non-logged/Uncensored - ARM server donated by Scaleway.com,"Paris, France",,https://fr.dnscrypt.org,1,yes,yes,no,212.47.228.136,2.dnscrypt-cert.fr.dnscrypt.org,E801:B84E:A606:BFB0:BAC0:CE43:445B:B15E:BA64:B02F:A3C4:AA31:AE10:636A:0790:324D,pubkey.fr.dnscrypt.org
dnscrypt.pl,dnscrypt.pl,Free | No filtering | Zero logs | DNSSEC | Poland | https://dnscrypt.pl/ | @dnscryptpl,None,,https://dns.d0wn.biz,1,,yes,no,178.216.201.128:2053,none,none,none
dnscrypt.pl-guardian,dnscrypt.pl-guardian,Free | Malware and phishing filtering | Zero logs | DNSSEC | Poland | https://dnscrypt.pl/ | @dnscryptpl,None,,https://dns.d0wn.biz,1,,yes,no,178.216.201.128:2054,none,none,none
dnscrypt.uk-ipv4,dnscrypt.uk-ipv4,"DNSCrypt, no logs, uncensored, DNSSEC. Hosted in London UK on Digital Ocean",None,,https://dns.d0wn.biz,1,,yes,no,165.232.32.95,none,none,none
dnscrypt.uk-ipv6,dnscrypt.uk-ipv6,"DNSCrypt, no logs, uncensored, DNSSEC. Hosted in London UK on Digital Ocean",None,,https://dns.d0wn.biz,1,,yes,no,[2a03:b0c0:1:e0::487:1001],none,none,none
dnscrypt-ch-blahdns-ipv4,dnscrypt-ch-blahdns-ipv4,"Blocks ad and Tracking, no Logging, DNSSEC, Hosted in Switzerland. By https://blahdns.com/",None,,https://dns.d0wn.biz,1,,yes,no,45.91.92.121:8443,none,none,none
dnscrypt-ch-blahdns-ipv6,dnscrypt-ch-blahdns-ipv6,"Blocks ad and Tracking, no Logging, DNSSEC, Hosted in Switzerland. By https://blahdns.com/",None,,https://dns.d0wn.biz,1,,yes,no,[2a0e:dc0:6:23::2]:8443,none,none,none
dnscrypt-de-blahdns-ipv4,dnscrypt-de-blahdns-ipv4,"Blocks ad and Tracking, no Logging, DNSSEC, Hosted in Germany. By https://blahdns.com/",None,,https://dns.d0wn.biz,1,,yes,no,78.46.244.143:8443,none,none,none
dnscrypt-de-blahdns-ipv6,dnscrypt-de-blahdns-ipv6,"Blocks ad and Tracking, no Logging, DNSSEC, Hosted in Germany. By https://blahdns.com/",None,,https://dns.d0wn.biz,1,,yes,no,[2a01:4f8:c17:ec67::1]:8443,none,none,none
dnscrypt-sg-blahdns-ipv4,dnscrypt-sg-blahdns-ipv4,"Blocks ad and Tracking, no Logging, DNSSEC, Hosted in Singapore. By https://blahdns.com/",None,,https://dns.d0wn.biz,1,,yes,no,192.53.175.149:8443,none,none,none
dnscrypt-sg-blahdns-ipv6,dnscrypt-sg-blahdns-ipv6,"Blocks ad and Tracking, no Logging, DNSSEC, Hosted in Singapore. By https://blahdns.com/",None,,https://dns.d0wn.biz,1,,yes,no,[2400:8901::f03c:92ff:fe27:870a]:8443,none,none,none
dnsforfamily,dnsforfamily,"(DNSCrypt Protocol) Block adult websites, gambling websites, malwares and advertisements.",None,,https://dns.d0wn.biz,1,,no,no,78.47.64.161,none,none,none
dnsforfamily-no-safe-search,dnsforfamily-no-safe-search,"(DNSCrypt Protocol) Block adult websites, gambling websites, malwares and advertisements.",None,,https://dns.d0wn.biz,1,,no,no,135.181.193.222,none,none,none
dnsforfamily-v6,dnsforfamily-v6,"(DNSCrypt Protocol) Block adult websites, gambling websites, malwares and advertisements.",None,,https://dns.d0wn.biz,1,,no,no,[2a01:4f8:1c17:4df8::1],none,none,none
dnswarden-asia-adblock-dcv4,dnswarden-asia-adblock-dcv4,Hosted in Singapore. For more information look [here](https://github.com/bhanupratapys/dnswarden) or [here](https://dnswarden.com).,None,,https://dns.d0wn.biz,1,,yes,no,207.148.120.244:2053,none,none,none
dnswarden-asia-adblock-dcv6,dnswarden-asia-adblock-dcv6,Hosted in Singapore. For more information look [here](https://github.com/bhanupratapys/dnswarden) or [here](https://dnswarden.com).,None,,https://dns.d0wn.biz,1,,yes,no,[2001:19f0:4400:4de2:5400:3ff:fea9:d418]:2053,none,none,none
dnswarden-asia-adultfilter-dcv4,dnswarden-asia-adultfilter-dcv4,Hosted in Singapore. For more information look [here](https://github.com/bhanupratapys/dnswarden) or [here](https://dnswarden.com).,None,,https://dns.d0wn.biz,1,,yes,no,207.148.120.244:5353,none,none,none
dnswarden-asia-adultfilter-dcv6,dnswarden-asia-adultfilter-dcv6,Hosted in Singapore. For more information look [here](https://github.com/bhanupratapys/dnswarden) or [here](https://dnswarden.com).,None,,https://dns.d0wn.biz,1,,yes,no,[2001:19f0:4400:4de2:5400:3ff:fea9:d418]:5353,none,none,none
dnswarden-asia-uncensor-dcv4,dnswarden-asia-uncensor-dcv4,Hosted in Singapore. For more information look [here](https://github.com/bhanupratapys/dnswarden) or [here](https://dnswarden.com).,None,,https://dns.d0wn.biz,1,,yes,no,207.148.120.244:15353,none,none,none
dnswarden-asia-uncensor-dcv6,dnswarden-asia-uncensor-dcv6,Hosted in Singapore. For more information look [here](https://github.com/bhanupratapys/dnswarden) or [here](https://dnswarden.com).,None,,https://dns.d0wn.biz,1,,yes,no,[2001:19f0:4400:4de2:5400:3ff:fea9:d418]:15353,none,none,none
dnswarden-eu-adblock-dcv4,dnswarden-eu-adblock-dcv4,Hosted in Germany. For more information look [here](https://github.com/bhanupratapys/dnswarden) or [here](https://dnswarden.com).,None,,https://dns.d0wn.biz,1,,yes,no,45.76.88.20:2053,none,none,none
dnswarden-eu-adblock-dcv6,dnswarden-eu-adblock-dcv6,Hosted in Germany. For more information look [here](https://github.com/bhanupratapys/dnswarden) or [here](https://dnswarden.com).,None,,https://dns.d0wn.biz,1,,yes,no,[2001:19f0:6c01:2b17:5400:3ff:fea9:d42f]:2053,none,none,none
dnswarden-eu-adultfilter-dcv4,dnswarden-eu-adultfilter-dcv4,Hosted in Germany. For more information look [here](https://github.com/bhanupratapys/dnswarden) or [here](https://dnswarden.com).,None,,https://dns.d0wn.biz,1,,yes,no,45.76.88.20:5353,none,none,none
dnswarden-eu-adultfilter-dcv6,dnswarden-eu-adultfilter-dcv6,Hosted in Germany. For more information look [here](https://github.com/bhanupratapys/dnswarden) or [here](https://dnswarden.com).,None,,https://dns.d0wn.biz,1,,yes,no,[2001:19f0:6c01:2b17:5400:3ff:fea9:d42f]:5353,none,none,none
dnswarden-eu-uncensor-dcv4,dnswarden-eu-uncensor-dcv4,Hosted in Germany. For more information look [here](https://github.com/bhanupratapys/dnswarden) or [here](https://dnswarden.com).,None,,https://dns.d0wn.biz,1,,yes,no,45.76.88.20:15353,none,none,none
dnswarden-eu-uncensor-dcv6,dnswarden-eu-uncensor-dcv6,Hosted in Germany. For more information look [here](https://github.com/bhanupratapys/dnswarden) or [here](https://dnswarden.com).,None,,https://dns.d0wn.biz,1,,yes,no,[2001:19f0:6c01:2b17:5400:3ff:fea9:d42f]:15353,none,none,none
dnswarden-us-adblock-dcv4,dnswarden-us-adblock-dcv4,Hosted in USA (Dallas) . For more information look [here](https://github.com/bhanupratapys/dnswarden) or [here](https://dnswarden.com).,None,,https://dns.d0wn.biz,1,,yes,no,144.202.69.149:2053,none,none,none
dnswarden-us-adblock-dcv6,dnswarden-us-adblock-dcv6,Hosted in USA (Dallas) . For more information look [here](https://github.com/bhanupratapys/dnswarden) or [here](https://dnswarden.com).,None,,https://dns.d0wn.biz,1,,yes,no,[2001:19f0:6401:d6e:5400:3ff:fea9:d45e]:2053,none,none,none
dnswarden-us-adultfilter-dcv4,dnswarden-us-adultfilter-dcv4,Hosted in USA (Dallas) . For more information look [here](https://github.com/bhanupratapys/dnswarden) or [here](https://dnswarden.com).,None,,https://dns.d0wn.biz,1,,yes,no,144.202.69.149:5353,none,none,none
dnswarden-us-adultfilter-dcv6,dnswarden-us-adultfilter-dcv6,Hosted in USA (Dallas) . For more information look [here](https://github.com/bhanupratapys/dnswarden) or [here](https://dnswarden.com).,None,,https://dns.d0wn.biz,1,,yes,no,[2001:19f0:6401:d6e:5400:3ff:fea9:d45e]:5353,none,none,none
dnswarden-us-uncensor-dcv4,dnswarden-us-uncensor-dcv4,Hosted in USA (Dallas) . For more information look [here](https://github.com/bhanupratapys/dnswarden) or [here](https://dnswarden.com).,None,,https://dns.d0wn.biz,1,,yes,no,144.202.69.149:15353,none,none,none
dnswarden-us-uncensor-dcv6,dnswarden-us-uncensor-dcv6,Hosted in USA (Dallas) . For more information look [here](https://github.com/bhanupratapys/dnswarden) or [here](https://dnswarden.com).,None,,https://dns.d0wn.biz,1,,yes,no,[2001:19f0:6401:d6e:5400:3ff:fea9:d45e]:15353,none,none,none
east.comss.one,east.comss.one,"DNS with adblock filters and antiphishing, gaining popularity among russian-speaking users.",None,,https://dns.d0wn.biz,1,,yes,no,91.230.211.67:5443,none,none,none
faelix-ch-ipv4,faelix-ch-ipv4,"An open (non-logging, non-filtering, no ECS) DNSCrypt resolver operated by https://faelix.net/ with IPv4 nodes anycast within AS41495 in Switzerland.",None,,https://dns.d0wn.biz,1,,no,no,185.134.196.54:8443,none,none,none
faelix-uk-ipv4,faelix-uk-ipv4,"An open (non-logging, non-filtering, no ECS) DNSCrypt resolver operated by https://faelix.net/ with IPv4 nodes anycast within AS41495 in the UK.",None,,https://dns.d0wn.biz,1,,no,no,46.227.200.54:8443,none,none,none
faelix-uk-ipv6,faelix-uk-ipv6,"An open (non-logging, non-filtering, no ECS) DNSCrypt resolver operated by https://faelix.net/ with IPv6 nodes anycast within AS41495 in the UK.",None,,https://dns.d0wn.biz,1,,no,no,[2a01:9e00::54]:8443,none,none,none
ffmuc.net,ffmuc.net,"An open (non-logging, non-filtering, non-censoring) DNSCrypt resolver operated by Freifunk Munich with nodes in DE.",None,,https://dns.d0wn.biz,1,,yes,no,5.1.66.255:8443,none,none,none
ffmuc.net-v6,ffmuc.net-v6,"An open (non-logging, non-filtering, non-censoring) DNSCrypt resolver operated by Freifunk Munich with nodes in DE.",None,,https://dns.d0wn.biz,1,,yes,no,[2001:678:e68:f000::]:8443,none,none,none
freetsa.org-ipv6,freetsa.org-ipv6,Non-logged/Uncensored provided by www.freetsa.org. Support for DNS and DNS-over-TLS (DoT),None,,https://dns.d0wn.biz,1,,yes,no,[2607:f130:0:f8::3085:e961]:553,none,none,none
fvz-anyone,Primary OpenNIC Anycast DNS Resolver,Fusl's public primary OpenNIC Tier2 Anycast DNS Resolver,Anycast,,http://dnsrec.meo.ws/,1,no,yes,no,185.121.177.177,2.dnscrypt-cert.dnsrec.meo.ws,1A6A:D0A3:2B4C:5A61:A695:D153:670D:69AB:1690:3F9E:C3F7:F64F:13E5:35A3:18B2:28A5,
fvz-anytwo,Secondary OpenNIC Anycast DNS Resolver,Fusl's public secondary OpenNIC Tier2 Anycast DNS Resolver,Anycast,,http://dnsrec.meo.ws/,1,no,yes,no,169.239.202.202,2.dnscrypt-cert.dnsrec.meo.ws,1A6A:D0A3:2B4C:5A61:A695:D153:670D:69AB:1690:3F9E:C3F7:F64F:13E5:35A3:18B2:28A5,
gombadi-syd,gombadi-syd,"Protocol: DNSCrypt IPv4 | Features: Non-logging, Non-filtering, DNSSEC, Unbound | Location: Sydney, AU",None,,https://dns.d0wn.biz,1,,yes,no,172.105.166.189,none,none,none
gombadi-syd-ipv6,gombadi-syd-ipv6,"Protocol: DNSCrypt IPv6 | Features: Non-logging, Non-filtering, DNSSEC, Unbound | Location: Sydney, AU",None,,https://dns.d0wn.biz,1,,yes,no,[2400:8907::f03c:92ff:fe63:e748],none,none,none
ibksturm,ibksturm,"DNSCRYPT V2 Server, No Logging, No Filters, DNSSEC",None,,https://dns.d0wn.biz,1,,yes,no,213.196.191.96:8443,none,none,none
id-gmail,id-gmail,Non-Logging DNSCrypt server located in Singapore.,None,,https://dns.d0wn.biz,1,,yes,no,174.138.21.128,none,none,none
id-gmail-ipv6,id-gmail-ipv6,Non-Logging DNSCrypt (IPv6) server located in Singapore.,None,,https://dns.d0wn.biz,1,,yes,no,[2400:6180:0:d0::5f6e:4001],none,none,none
ipredator,Ipredator.se Server,Public DNSCrypt server in Sweden provided by Ipredator.se,Sweden,,https://www.ipredator.se,1,yes,yes,no,194.132.32.32,2.dnscrypt-cert.ipredator.se,C44C:566A:A8D6:46C4:32B1:04F5:3D00:961B:32DC:71CF:1C04:BD9E:B013:E480:E7A4:7828,pubkey.resolver2.ipredator.se
jp.tiar.app,jp.tiar.app,"Non-Logging, Non-Filtering DNSCrypt server in Japan.",None,,https://dns.d0wn.biz,1,,yes,no,172.104.93.80:1443,none,none,none
jp.tiar.app-ipv6,jp.tiar.app-ipv6,"Non-Logging, Non-Filtering DNSCrypt (IPv6) server in Japan.",None,,https://dns.d0wn.biz,1,,yes,no,[2400:8902::f03c:91ff:feda:c514]:1443,none,none,none
meganerd,meganerd,DNSCrypt server by MegaNerd.nl (IPv4) - https://meganerd.nl/encrypted-dns-server,None,,https://dns.d0wn.biz,1,,yes,no,136.244.97.114,none,none,none
meganerd-ipv6,meganerd-ipv6,DNSCrypt server by MegaNerd.nl (IPv6) - https://meganerd.nl/encrypted-dns-server,None,,https://dns.d0wn.biz,1,,yes,no,[2001:19f0:5001:cbb:5400:3ff:fe07:f70d],none,none,none
moulticast-ca-ipv4,moulticast-ca-ipv4,Public | Non-filtering | Non-logging | DNSSEC aware | Hosted in Canada | Operated by @herver (Github) | https://moulticast.net/dnscrypt/,None,,https://dns.d0wn.biz,1,,yes,no,149.56.14.159,none,none,none
moulticast-ca-ipv6,moulticast-ca-ipv6,Public | Non-filtering | Non-logging | DNSSEC aware | Hosted in Canada | Operated by @herver (Github) | https://moulticast.net/dnscrypt/,None,,https://dns.d0wn.biz,1,,yes,no,[2607:5300:201:3100::3dfb],none,none,none
moulticast-de-ipv4,moulticast-de-ipv4,Public | Non-filtering | Non-logging | DNSSEC aware | Hosted in Germany | Operated by @herver (Github) | https://moulticast.net/dnscrypt/,None,,https://dns.d0wn.biz,1,,yes,no,51.195.117.26,none,none,none
moulticast-fr-ipv4,moulticast-fr-ipv4,Public | Non-filtering | Non-logging | DNSSEC aware | Hosted in France | Operated by @herver (Github) | https://moulticast.net/dnscrypt/,None,,https://dns.d0wn.biz,1,,yes,no,193.200.43.25,none,none,none
moulticast-sg-ipv4,moulticast-sg-ipv4,Public | Non-filtering | Non-logging | DNSSEC aware | Hosted in Singapore | Operated by @herver (Github) | https://moulticast.net/dnscrypt/,None,,https://dns.d0wn.biz,1,,yes,no,51.79.158.183,none,none,none
moulticast-sg-ipv6,moulticast-sg-ipv6,Public | Non-filtering | Non-logging | DNSSEC aware | Hosted in Singapore | Operated by @herver (Github) | https://moulticast.net/dnscrypt/,None,,https://dns.d0wn.biz,1,,yes,no,[2402:1f00:8000:800::12ba],none,none,none
moulticast-uk-ipv4,moulticast-uk-ipv4,Public | Non-filtering | Non-logging | DNSSEC aware | Hosted in UK | Operated by @herver (Github) | https://moulticast.net/dnscrypt/,None,,https://dns.d0wn.biz,1,,yes,no,51.195.200.182,none,none,none
ns0.dnscrypt.is,"ns0.dnscrypt.is in Reykjavk, Iceland","DNSSEC enabled, non-logging, uncensored. Sponsored by 1984 Hosting.","Reykjavk, Iceland",,https://dnscrypt.is,1,yes,yes,no,93.95.228.87,2.dnscrypt-cert.ns0.dnscrypt.is,EE41:6A83:451C:218F:37B2:B736:78C4:999F:7DE6:89D1:31D2:7866:7C8E:A8BB:1C95:B402,pubkey.ns0.dnscrypt.is
okturtles,okTurtles,For a surveillance-free world. HTTPS is broken. DNSChain fixes it.,"Georgia, US",,http://okturtles.com/,1,no,yes,no,23.226.227.93,2.dnscrypt-cert.okturtles.com,1D85:3953:E34F:AFD0:05F9:4C6F:D1CC:E635:D411:9904:0D48:D19A:5D35:0B6A:7C81:73CB,
opennic-luggs,opennic-luggs,Public DNS server in Canada operated by Luggs,None,,https://dns.d0wn.biz,1,,no,no,142.4.204.111,none,none,none
opennic-luggs2,opennic-luggs2,Second public DNS server in Canada operated by Luggs,None,,https://dns.d0wn.biz,1,,no,no,142.4.205.47,none,none,none
opennic-R4SAS,opennic-R4SAS,DNSSEC  OpenNIC  Non-logging  Uncensored - hosted on OVH - https://opennic.i2pd.xyz/,None,,https://dns.d0wn.biz,1,,yes,no,151.80.222.79,none,none,none
opennic-R4SAS-ipv6,opennic-R4SAS-ipv6,DNSSEC  OpenNIC  Non-logging  Uncensored - hosted on OVH - https://opennic.i2pd.xyz/,None,,https://dns.d0wn.biz,1,,yes,no,[2001:470:1f15:b80::53],none,none,none
opennic-tumabox,TumaBox,Public DNS server operated by TumaBox.org,Germany,,http://wiki.tumabox.org/doku.php?id=dns,1,no,yes,no,130.255.73.90:5353,2.tumabox.org,D591:7B11:6A35:3114:C238:AA99:A6EB:0C28:7CF7:6805:41AC:5DBF:A8A0:239E:228C:5B06,
opennic-tumabox-ipv6,TumaBox over IPv6,Public DNS server operated by TumaBox.org,Germany,,http://wiki.tumabox.org/doku.php?id=dns,1,no,yes,no,[2a02:e00:fffd:139::9]:5353,2.tumabox.org,D591:7B11:6A35:3114:C238:AA99:A6EB:0C28:7CF7:6805:41AC:5DBF:A8A0:239E:228C:5B06,
oszx,oszx,Secure DNS Project by PumpleX - Hosted in the UK by OVH,None,,https://dns.d0wn.biz,1,,no,no,51.38.83.141:5353,none,none,none
pf-dnscrypt,pf-dnscrypt,"by post-factum | Zrich, Switzerland | Non-logging | Non-filtering | DNSSEC | https://dns.post-factum.tk",None,,https://dns.d0wn.biz,1,,yes,no,140.238.215.192:8443,none,none,none
plan9-ns1,plan9-ns1,"DNSCrypt server in New Jersey, USA. Non-logging, non-filtering, DNSSEC, anonymized.",None,,https://dns.d0wn.biz,1,,yes,no,173.199.126.35,none,none,none
plan9-ns2,plan9-ns2,"DNSCrypt server in Florida, USA. Non-logging, non-filtering, DNSSEC, anonymized.",None,,https://dns.d0wn.biz,1,,yes,no,45.63.110.187:8443,none,none,none
pryv8boi,pryv8boi,"By pryv8, non Logging, uncensored, DNSSEC - hosted on contabo servers",None,,https://dns.d0wn.biz,1,,yes,no,164.68.121.162:4443,none,none,none
pwoss.org-dnscrypt,pwoss.org-dnscrypt,"No filter | No logs | DNSSEC | Nuremberg, Germany (netcup) | Maintained by https://pwoss.org/ (Dan)",None,,https://dns.d0wn.biz,1,,yes,no,45.142.176.170:4434,none,none,none
quad9-dnscrypt-ip4-filter-ecs-pri,quad9-dnscrypt-ip4-filter-ecs-pri,Quad9 (anycast) dnssec/no-log/filter/ecs 9.9.9.11 - 149.112.112.11,None,,https://dns.d0wn.biz,1,,yes,no,9.9.9.11:8443,none,none,none
quad9-dnscrypt-ip4-filter-pri,quad9-dnscrypt-ip4-filter-pri,Quad9 (anycast) dnssec/no-log/filter 9.9.9.9 - 149.112.112.9 - 149.112.112.112,None,,https://dns.d0wn.biz,1,,yes,no,9.9.9.9:8443,none,none,none
quad9-dnscrypt-ip4-nofilter-ecs-pri,quad9-dnscrypt-ip4-nofilter-ecs-pri,Quad9 (anycast) no-dnssec/no-log/no-filter/ecs 9.9.9.12 - 149.112.112.12,None,,https://dns.d0wn.biz,1,,no,no,9.9.9.12:8443,none,none,none
quad9-dnscrypt-ip4-nofilter-pri,quad9-dnscrypt-ip4-nofilter-pri,Quad9 (anycast) no-dnssec/no-log/no-filter 149.112.112.10,None,,https://dns.d0wn.biz,1,,no,no,149.112.112.10:8443,none,none,none
resolver4.dns.openinternet.io,resolver4.dns.openinternet.io,"DNSCrypt & DoH resolver on dedicated hardware colocated at Sonic.net in Santa Rosa, CA in the United States.",None,,https://dns.d0wn.biz,1,,yes,no,70.36.170.126,none,none,none
safesurfer,safesurfer,"Family safety focused blocklist for over 2 million adult sites, as well as phishing and malware and more.",None,,https://dns.d0wn.biz,1,,yes,no,104.155.237.225,none,none,none
saldns01-conoha-ipv4,saldns01-conoha-ipv4,Hosted on ConoHa VPS Tokyo region. No log. No filter.,None,,https://dns.d0wn.biz,1,,yes,no,118.27.108.140:50443,none,none,none
saldns02-conoha-ipv4,saldns02-conoha-ipv4,Hosted on ConoHa VPS Tokyo region. No log. No filter.,None,,https://dns.d0wn.biz,1,,yes,no,133.130.118.103:50443,none,none,none
saldnssg01-conoha-ipv4,saldnssg01-conoha-ipv4,Hosted on ConoHa VPS Singapore region. No log. No filter.,None,,https://dns.d0wn.biz,1,,yes,no,163.44.154.144:50443,none,none,none
scaleway-ams,scaleway-ams,DNSSEC/Non-logged/Uncensored in Amsterdam - DEV1-S instance donated by Scaleway.com,None,,https://dns.d0wn.biz,1,,yes,no,51.15.122.250,none,none,none
scaleway-ams-ipv6,scaleway-ams-ipv6,DNSSEC/Non-logged/Uncensored in Amsterdam - IPv6 only - DEV1-S instance donated by Scaleway.com,None,,https://dns.d0wn.biz,1,,yes,no,[2001:bc8:1820:50d::1],none,none,none
scaleway-fr,scaleway-fr,DNSSEC/Non-logged/Uncensored in Paris - DEV1-S instance donated by Scaleway.com,None,,https://dns.d0wn.biz,1,,yes,no,212.47.228.136,none,none,none
scaleway-fr-ipv6,scaleway-fr-ipv6,DNSSEC/Non-logged/Uncensored in Paris - IPv6 only - DEV1-S instance donated by Scaleway.com,None,,https://dns.d0wn.biz,1,,yes,no,[2001:bc8:47b0:1a01::1],none,none,none
securedns,SecureDNS,Uncensored and no logging,"Amsterdam, Netherlands",,https://securedns.eu,1,yes,yes,no,146.185.167.43:5353,2.dnscrypt-cert.securedns.eu,B3A5:9769:1457:5B04:89E1:9FAE:9C43:E679:FAF2:8C57:1897:0031:7F7B:B496:291F:B095,2.dnscrypt-cert.securedns.eu
securedns-ipv6,SecureDNS over IPv6,Uncensored and no logging,"Amsterdam, Netherlands",,https://securedns.eu,1,yes,yes,no,[2a03:b0c0:0:1010::e9a:3001]:5353,2.dnscrypt-cert.securedns.eu,B3A5:9769:1457:5B04:89E1:9FAE:9C43:E679:FAF2:8C57:1897:0031:7F7B:B496:291F:B095,2.dnscrypt-cert.securedns.eu
serbica,serbica,Public DNSCrypt server in the Netherlands by https://litepay.ch,None,,https://dns.d0wn.biz,1,,yes,no,185.66.143.178:5353,none,none,none
sfw.scaleway-fr,sfw.scaleway-fr,"Uses deep learning to block adult websites. Free, DNSSEC, no logs.",None,,https://dns.d0wn.biz,1,,yes,no,163.172.180.125,none,none,none
sgp-dn53,sgp-dn53,"non-censoring, non-logging, DNSSEC-capable based on official docker image hosted in Singapore",None,,https://dns.d0wn.biz,1,,yes,no,20.212.52.76,none,none,none
sgp-dn53-ipv6,sgp-dn53-ipv6,"non-censoring, non-logging, DNSSEC-capable based on official docker image hosted in Singapore",None,,https://dns.d0wn.biz,1,,yes,no,[2a01:111:f100:7000::6fdd:53c6],none,none,none
soltysiak,Soltysiak,Public DNSCrypt server in Poland,Poland,,http://dc1.soltysiak.com/,1,yes,yes,yes,178.216.201.222:2053,2.dnscrypt-cert.soltysiak.com,25C4:E188:2915:4697:8F9C:2BBD:B6A7:AFA4:01ED:A051:0508:5D53:03E7:1928:C066:8F21,pubkey.dc1.soltysiak.com
soltysiak-ipv6,Soltysiak over IPv6,Public DNSCrypt server in Poland,Poland,,http://dc1.soltysiak.com/,1,yes,yes,yes,[2001:470:70:4ff::2]:2053,2.dnscrypt-cert.soltysiak.com,25C4:E188:2915:4697:8F9C:2BBD:B6A7:AFA4:01ED:A051:0508:5D53:03E7:1928:C066:8F21,pubkey.dc1.soltysiak.com
sth-dnscrypt-se,sth-dnscrypt-se,"Resolver in Stockholm, Sweden. DNSCrypt server. Non-logging, non-filtering, DNSSEC.",None,,https://dns.d0wn.biz,1,,yes,no,45.153.187.96,none,none,none
userspace-australia,userspace-australia,DNSCrypt in Australia (Brisbane & Melbourne) by UserSpace.,None,,https://dns.d0wn.biz,1,,yes,no,103.16.131.77:54,none,none,none
userspace-australia-ipv6,userspace-australia-ipv6,DNSCrypt in Australia (Brisbane & Melbourne) by UserSpace.,None,,https://dns.d0wn.biz,1,,yes,no,[2404:9400:1:0:216:3eff:fef0:180a]:54,none,none,none
v.dnscrypt.uk-ipv4,v.dnscrypt.uk-ipv4,"DNSCrypt, no logs, uncensored, DNSSEC. Hosted in London UK on Digital Ocean",None,,https://dns.d0wn.biz,1,,yes,no,104.238.186.192,none,none,none
v.dnscrypt.uk-ipv6,v.dnscrypt.uk-ipv6,"DNSCrypt, no logs, uncensored, DNSSEC. Hosted in London UK on Digital Ocean",None,,https://dns.d0wn.biz,1,,yes,no,[2001:19f0:7402:1574:5400:2ff:fe66:2cff],none,none,none
ventricle.us,Anatomical DNS,Public DNSCrypt resolver provided by Jacob Henner,"New York, NY",,https://jacobhenner.com,1,yes,yes,no,107.170.57.34,2.dnscrypt-cert.dnscrypt.ventricle.us,E985:F118:AD4E:3CC6:5FF2:2520:1890:C6F5:58B7:5B5A:52F5:6B17:CFEA:C100:5C8B:9BAA,pubkey.dnscrypt.ventricle.us
wevpn-singapore,wevpn-singapore,Private DNSCrypt service by WeVPN in Singapore - https://wevpn.com/dns,None,,https://dns.d0wn.biz,1,,yes,no,143.244.33.74:15353,none,none,none
wevpn-uk,wevpn-uk,"Private DNSCrypt service by WeVPN in London, UK - https://wevpn.com/dns",None,,https://dns.d0wn.biz,1,,yes,no,212.78.94.40:15353,none,none,none
wevpn-useast,wevpn-useast,"Private DNSCrypt service by WeVPN in New Jersey, USA - https://wevpn.com/dns",None,,https://dns.d0wn.biz,1,,yes,no,23.226.134.242:15353,none,none,none
wevpn-uswest,wevpn-uswest,"Private DNSCrypt service by WeVPN in Los Angeles, USA - https://wevpn.com/dns",None,,https://dns.d0wn.biz,1,,yes,no,72.11.134.90:15353,none,none,none
yandex,Yandex,Yandex public DNS server,Anycast,,https://www.yandex.com,1,no,no,no,77.88.8.78:15353,2.dnscrypt-cert.browser.yandex.net,D384:C071:C9F7:4662:AF2A:CCD5:7B5D:CC97:14D4:07B6:AD36:01E1:AEDC:06D5:6D49:6327,
zackptg5-us-il-ipv4,zackptg5-us-il-ipv4,"DNSSEC/unfiltered/non-logged. Hosted on Vultr in Chicago, IL. Running the official Docker image by @zackptg5",None,,https://dns.d0wn.biz,1,,yes,no,137.220.59.62,none,none,none
zackptg5-us-il-ipv6,zackptg5-us-il-ipv6,"DNSSEC/unfiltered/non-logged. Hosted on Vultr in Chicago, IL. Running the official Docker image by @zackptg5",None,,https://dns.d0wn.biz,1,,yes,no,[2001:19f0:5c01:147e:5400:3ff:fe2a:3b1f],none,none,none
